<?xml version="1.0" encoding="UTF-8" ?>
<XMLDB PATH="question/type/ddmatch/db" VERSION="2011080500" COMMENT="XMLDB file for Moodle question/type/ddmatch"
    xmlns:xsi="http://www.w3.org/2001/XMLSchema-instance"
    xsi:noNamespaceSchemaLocation="../../../../lib/xmldb/xmldb.xsd"
>
  <TABLES>
    <TABLE NAME="qtype_ddmatch_options" COMMENT="Defines the question-type specific options for drag and drop matching questions">
      <FIELDS>
        <FIELD NAME="id" TYPE="int" LENGTH="10" NOTNULL="true" SEQUENCE="true"/>
        <FIELD NAME="questionid" TYPE="int" LENGTH="10" NOTNULL="true" DEFAULT="0" SEQUENCE="false" COMMENT="Foreign key link to question.id."/>
        <FIELD NAME="shuffleanswers" TYPE="int" LENGTH="4" NOTNULL="true" DEFAULT="1" SEQUENCE="false"/>
        <FIELD NAME="correctfeedback" TYPE="text" NOTNULL="true" SEQUENCE="false" COMMENT="Feedback shown for any correct response."/>
        <FIELD NAME="correctfeedbackformat" TYPE="int" LENGTH="2" NOTNULL="true" DEFAULT="0" SEQUENCE="false"/>
        <FIELD NAME="partiallycorrectfeedback" TYPE="text" NOTNULL="true" SEQUENCE="false" COMMENT="Feedback shown for any partially correct response."/>
        <FIELD NAME="partiallycorrectfeedbackformat" TYPE="int" LENGTH="2" NOTNULL="true" DEFAULT="0" SEQUENCE="false"/>
        <FIELD NAME="incorrectfeedback" TYPE="text" NOTNULL="true" SEQUENCE="false" COMMENT="Feedback shown for any incorrect response."/>
        <FIELD NAME="incorrectfeedbackformat" TYPE="int" LENGTH="2" NOTNULL="true" DEFAULT="0" SEQUENCE="false"/>
        <FIELD NAME="shownumcorrect" TYPE="int" LENGTH="2" NOTNULL="true" DEFAULT="0" SEQUENCE="false" COMMENT="If true, then when the user gets the question partially correct, tell them how many choices they got correct alongside the feedback."/>
      </FIELDS>
      <KEYS>
        <KEY NAME="primary" TYPE="primary" FIELDS="id"/>
        <KEY NAME="questionid" TYPE="foreign-unique" FIELDS="questionid" REFTABLE="question" REFFIELDS="id"/>
      </KEYS>
    </TABLE>
    <TABLE NAME="qtype_ddmatch_subquestions" COMMENT="Defines the subquestions that make up a matching question">
      <FIELDS>
        <FIELD NAME="id" TYPE="int" LENGTH="10" NOTNULL="true" SEQUENCE="true"/>
        <FIELD NAME="questionid" TYPE="int" LENGTH="10" NOTNULL="true" DEFAULT="0" SEQUENCE="false" COMMENT="Foreign key link to question.id."/>
        <FIELD NAME="questiontext" TYPE="text" LENGTH="medium"  NOTNULL="true" SEQUENCE="false"/>
        <FIELD NAME="questiontextformat" TYPE="int" LENGTH="2" NOTNULL="true" DEFAULT="0" SEQUENCE="false"/>
        <FIELD NAME="answertext" TYPE="text" LENGTH="medium" NOTNULL="true" SEQUENCE="false"/>
        <FIELD NAME="answertextformat" TYPE="int" LENGTH="2" NOTNULL="true" DEFAULT="0" SEQUENCE="false"/>
      </FIELDS>
      <KEYS>
        <KEY NAME="primary" TYPE="primary" FIELDS="id"/>
        <KEY NAME="questionid" TYPE="foreign" FIELDS="questionid" REFTABLE="question" REFFIELDS="id"/>
      </KEYS>
    </TABLE>
  </TABLES>
</XMLDB>
