<?xml version="1.0" encoding="UTF-8"?>
<quiz>
<!-- question: 0  -->
  <question type="category">
    <category>
        <text>$course$/top</text>

    </category>
  </question>

<!-- question: 0  -->
  <question type="category">
    <category>
        <text>$course$/top/Greek</text>

    </category>
  </question>

<!-- question: 872  -->
  <question type="gapfill">
    <name>
      <text>Gapfill</text>
    </name>
    <questiontext format="html">
      <text><![CDATA[Where does the kangaroo come from?

 [Australia]. <br>Το επόμενο κενό επιδέχεται ως σωστό είτε το cat ή το dog [cat|dog]';]]></text>
    </questiontext>
    <generalfeedback format="html">
      <text></text>
    </generalfeedback>
    <defaultgrade>2.0000000</defaultgrade>
    <penalty>0.3333333</penalty>
    <hidden>0</hidden>
    <answerdisplay>gapfill</answerdisplay>
    <delimitchars>[]</delimitchars>
    <casesensitive>0</casesensitive>
    <noduplicates>0</noduplicates>
    <disableregex>0</disableregex>
    <fixedgapsize>0</fixedgapsize>
    <optionsaftertext>0</optionsaftertext>
    <letterhints>0</letterhints>
    <answer fraction="100" format="moodle_auto_format">
      <text>Australia</text>
      <feedback format="moodle_auto_format">
        <text></text>
      </feedback>
    </answer>
    <answer fraction="100" format="moodle_auto_format">
      <text>cat|dog</text>
      <feedback format="moodle_auto_format">
        <text></text>
      </feedback>
    </answer>
    <delimitchars>[]</delimitchars>
    <answerdisplay>gapfill</answerdisplay>
    <casesensitive>0</casesensitive>
    <noduplicates>0</noduplicates>
    <disableregex>0</disableregex>
    <fixedgapsize>0</fixedgapsize>
    <optionsaftertext>0</optionsaftertext>
    <letterhints>0</letterhints>
    <!-- Gapfill release:1.975 version:2018120800 Moodle version:2018051702.06 release:3.5.2+ (Build: 20181011) -->
    <correctfeedback format="html">
      <text>Your answer is correct.</text>
    </correctfeedback>
    <partiallycorrectfeedback format="html">
      <text>Your answer is partially correct.</text>
    </partiallycorrectfeedback>
    <incorrectfeedback format="html">
      <text>Your answer is incorrect.</text>
    </incorrectfeedback>
  </question>

<!-- question: 870  -->
  <question type="gapfill">
    <name>
      <text>VerbDrag</text>
    </name>
    <questiontext format="html">
      <text><![CDATA[<p></p><p>Σύρε τα ρήματα στα κενά.<u></u><u></u></p><p><p><span lang="EN-US">He [laughed] and [sat] down</span></p></p><p></p>]]></text>
    </questiontext>
    <generalfeedback format="html">
      <text></text>
    </generalfeedback>
    <defaultgrade>2.0000000</defaultgrade>
    <penalty>0.3333333</penalty>
    <hidden>0</hidden>
    <answerdisplay>dragdrop</answerdisplay>
    <delimitchars>[]</delimitchars>
    <casesensitive>0</casesensitive>
    <noduplicates>0</noduplicates>
    <disableregex>0</disableregex>
    <fixedgapsize>1</fixedgapsize>
    <optionsaftertext>0</optionsaftertext>
    <letterhints>0</letterhints>
    <answer fraction="100" format="moodle_auto_format">
      <text>laughed</text>
      <feedback format="moodle_auto_format">
        <text></text>
      </feedback>
    </answer>
    <answer fraction="100" format="moodle_auto_format">
      <text>sat</text>
      <feedback format="moodle_auto_format">
        <text></text>
      </feedback>
    </answer>
    <answer fraction="0" format="moodle_auto_format">
      <text>blue</text>
      <feedback format="moodle_auto_format">
        <text></text>
      </feedback>
    </answer>
    <answer fraction="0" format="moodle_auto_format">
      <text>shoe</text>
      <feedback format="moodle_auto_format">
        <text></text>
      </feedback>
    </answer>
    <answer fraction="0" format="moodle_auto_format">
      <text>small</text>
      <feedback format="moodle_auto_format">
        <text></text>
      </feedback>
    </answer>
    <delimitchars>[]</delimitchars>
    <answerdisplay>dragdrop</answerdisplay>
    <casesensitive>0</casesensitive>
    <noduplicates>0</noduplicates>
    <disableregex>0</disableregex>
    <fixedgapsize>1</fixedgapsize>
    <optionsaftertext>0</optionsaftertext>
    <letterhints>0</letterhints>
    <!-- Gapfill release:1.975 version:2018120800 Moodle version:2018051702.06 release:3.5.2+ (Build: 20181011) -->
    <correctfeedback format="html">
      <text>Your answer is correct.</text>
    </correctfeedback>
    <partiallycorrectfeedback format="html">
      <text>Your answer is partially correct.</text>
    </partiallycorrectfeedback>
    <incorrectfeedback format="html">
      <text>Your answer is incorrect.</text>
    </incorrectfeedback>
  </question>

<!-- question: 871  -->
  <question type="gapfill">
    <name>
      <text>VerbDropdowns</text>
    </name>
    <questiontext format="html">
      <text><![CDATA[<p></p><p></p><p></p><p>Επίλεξε τα ρήματα από τα αναδιπλούμενα μενού.<span lang="EN-US">&nbsp;</span><u></u><u></u></p><p><span lang="EN-US">He [laughed] and [sat] down</span></p><br><p></p>]]></text>
    </questiontext>
    <generalfeedback format="html">
      <text></text>
    </generalfeedback>
    <defaultgrade>2.0000000</defaultgrade>
    <penalty>0.3333333</penalty>
    <hidden>0</hidden>
    <answerdisplay>dropdown</answerdisplay>
    <delimitchars>[]</delimitchars>
    <casesensitive>0</casesensitive>
    <noduplicates>0</noduplicates>
    <disableregex>0</disableregex>
    <fixedgapsize>0</fixedgapsize>
    <optionsaftertext>0</optionsaftertext>
    <letterhints>0</letterhints>
    <answer fraction="100" format="moodle_auto_format">
      <text>laughed</text>
      <feedback format="moodle_auto_format">
        <text></text>
      </feedback>
    </answer>
    <answer fraction="100" format="moodle_auto_format">
      <text>sat</text>
      <feedback format="moodle_auto_format">
        <text></text>
      </feedback>
    </answer>
    <answer fraction="0" format="moodle_auto_format">
      <text>blue</text>
      <feedback format="moodle_auto_format">
        <text></text>
      </feedback>
    </answer>
    <answer fraction="0" format="moodle_auto_format">
      <text>shoe</text>
      <feedback format="moodle_auto_format">
        <text></text>
      </feedback>
    </answer>
    <answer fraction="0" format="moodle_auto_format">
      <text>smallμπλε</text>
      <feedback format="moodle_auto_format">
        <text></text>
      </feedback>
    </answer>
    <answer fraction="0" format="moodle_auto_format">
      <text>παπούτσι</text>
      <feedback format="moodle_auto_format">
        <text></text>
      </feedback>
    </answer>
    <answer fraction="0" format="moodle_auto_format">
      <text>μικρό</text>
      <feedback format="moodle_auto_format">
        <text></text>
      </feedback>
    </answer>
    <delimitchars>[]</delimitchars>
    <answerdisplay>dropdown</answerdisplay>
    <casesensitive>0</casesensitive>
    <noduplicates>0</noduplicates>
    <disableregex>0</disableregex>
    <fixedgapsize>0</fixedgapsize>
    <optionsaftertext>0</optionsaftertext>
    <letterhints>0</letterhints>
    <!-- Gapfill release:1.975 version:2018120800 Moodle version:2018051702.06 release:3.5.2+ (Build: 20181011) -->
    <correctfeedback format="html">
      <text>Your answer is correct.</text>
    </correctfeedback>
    <partiallycorrectfeedback format="html">
      <text>Your answer is partially correct.</text>
    </partiallycorrectfeedback>
    <incorrectfeedback format="html">
      <text>Your answer is incorrect.</text>
    </incorrectfeedback>
  </question>

</quiz>