<?xml version="1.0" encoding="UTF-8"?>
<quiz>
<!-- question: 0  -->
  <question type="category">
    <category>
        <text>$course$/French gapfill examples</text>

    </category>
  </question>

<!-- question: 2  -->
  <question type="gapfill">
    <name>
      <text>Q1</text>
    </name>
    <questiontext format="html">
      <text><![CDATA[<p>Faites glisser les verbes dans les espaces. Il [rit] et [assis] bas&nbsp;<br></p>]]></text>
    </questiontext>
    <generalfeedback format="html">
      <text></text>
    </generalfeedback>
    <defaultgrade>2.0000000</defaultgrade>
    <penalty>.3333333</penalty>
    <hidden>0</hidden>
    <answerdisplay>dragdrop</answerdisplay>
    <delimitchars>[]</delimitchars>
    <casesensitive>0</casesensitive>
    <noduplicates>0</noduplicates>
    <disableregex>0</disableregex>
    <fixedgapsize>0</fixedgapsize>
    <optionsaftertext>0</optionsaftertext>
    <answer fraction="100" format="moodle_auto_format">
      <text>rit</text>
      <feedback format="moodle_auto_format">
        <text></text>
      </feedback>
    </answer>
    <answer fraction="100" format="moodle_auto_format">
      <text>assis</text>
      <feedback format="moodle_auto_format">
        <text></text>
      </feedback>
    </answer>
    <answer fraction="0" format="moodle_auto_format">
      <text><![CDATA[&nbsp;bleu]]></text>
      <feedback format="moodle_auto_format">
        <text></text>
      </feedback>
    </answer>
    <answer fraction="0" format="moodle_auto_format">
      <text> chaussure</text>
      <feedback format="moodle_auto_format">
        <text></text>
      </feedback>
    </answer>
    <answer fraction="0" format="moodle_auto_format">
      <text><![CDATA[ petit&nbsp;]]></text>
      <feedback format="moodle_auto_format">
        <text></text>
      </feedback>
    </answer>
    <delimitchars>[]</delimitchars>
    <answerdisplay>dragdrop</answerdisplay>
    <casesensitive>0</casesensitive>
    <noduplicates>0</noduplicates>
    <disableregex>0</disableregex>
    <fixedgapsize>0</fixedgapsize>
    <optionsaftertext>0</optionsaftertext>
    <!-- Gapfill release:1.96 version:2017111700 Moodle version:2017111300.06 release:3.4+ (Build: 20171208) -->
    <correctfeedback format="html">
      <text>Your answer is correct.</text>
    </correctfeedback>
    <partiallycorrectfeedback format="html">
      <text>Your answer is partially correct.</text>
    </partiallycorrectfeedback>
    <incorrectfeedback format="html">
      <text>Your answer is incorrect.</text>
    </incorrectfeedback>
  </question>

<!-- question: 3  -->
  <question type="gapfill">
    <name>
      <text>Q2</text>
    </name>
    <questiontext format="html">
      <text><![CDATA[<p>Sélectionnez les verbes dans les listes déroulantes. Il [rit] et [assis] bas<br></p>]]></text>
    </questiontext>
    <generalfeedback format="html">
      <text></text>
    </generalfeedback>
    <defaultgrade>2.0000000</defaultgrade>
    <penalty>.3333333</penalty>
    <hidden>0</hidden>
    <answerdisplay>dropdown</answerdisplay>
    <delimitchars>[]</delimitchars>
    <casesensitive>0</casesensitive>
    <noduplicates>0</noduplicates>
    <disableregex>0</disableregex>
    <fixedgapsize>0</fixedgapsize>
    <optionsaftertext>0</optionsaftertext>
    <answer fraction="100" format="moodle_auto_format">
      <text>rit</text>
      <feedback format="moodle_auto_format">
        <text></text>
      </feedback>
    </answer>
    <answer fraction="100" format="moodle_auto_format">
      <text>assis</text>
      <feedback format="moodle_auto_format">
        <text></text>
      </feedback>
    </answer>
    <answer fraction="0" format="moodle_auto_format">
      <text>bleu</text>
      <feedback format="moodle_auto_format">
        <text></text>
      </feedback>
    </answer>
    <answer fraction="0" format="moodle_auto_format">
      <text> chaussure</text>
      <feedback format="moodle_auto_format">
        <text></text>
      </feedback>
    </answer>
    <answer fraction="0" format="moodle_auto_format">
      <text><![CDATA[ petit&nbsp;]]></text>
      <feedback format="moodle_auto_format">
        <text></text>
      </feedback>
    </answer>
    <delimitchars>[]</delimitchars>
    <answerdisplay>dropdown</answerdisplay>
    <casesensitive>0</casesensitive>
    <noduplicates>0</noduplicates>
    <disableregex>0</disableregex>
    <fixedgapsize>0</fixedgapsize>
    <optionsaftertext>0</optionsaftertext>
    <!-- Gapfill release:1.96 version:2017111700 Moodle version:2017111300.06 release:3.4+ (Build: 20171208) -->
    <correctfeedback format="html">
      <text>Your answer is correct.</text>
    </correctfeedback>
    <partiallycorrectfeedback format="html">
      <text>Your answer is partially correct.</text>
    </partiallycorrectfeedback>
    <incorrectfeedback format="html">
      <text>Your answer is incorrect.</text>
    </incorrectfeedback>
  </question>

<!-- question: 4  -->
  <question type="gapfill">
    <name>
      <text>Q3</text>
    </name>
    <questiontext format="html">
      <text><![CDATA[<p>D'où vient le kangourou? [Australie]. Le prochain&nbsp;espace acceptera un chat ou un chien [cat | dog]<br></p>]]></text>
    </questiontext>
    <generalfeedback format="html">
      <text></text>
    </generalfeedback>
    <defaultgrade>2.0000000</defaultgrade>
    <penalty>.3333333</penalty>
    <hidden>0</hidden>
    <answerdisplay>gapfill</answerdisplay>
    <delimitchars>[]</delimitchars>
    <casesensitive>0</casesensitive>
    <noduplicates>0</noduplicates>
    <disableregex>0</disableregex>
    <fixedgapsize>1</fixedgapsize>
    <optionsaftertext>0</optionsaftertext>
    <answer fraction="100" format="moodle_auto_format">
      <text>Australie</text>
      <feedback format="moodle_auto_format">
        <text></text>
      </feedback>
    </answer>
    <answer fraction="100" format="moodle_auto_format">
      <text>cat | dog</text>
      <feedback format="moodle_auto_format">
        <text></text>
      </feedback>
    </answer>
    <delimitchars>[]</delimitchars>
    <answerdisplay>gapfill</answerdisplay>
    <casesensitive>0</casesensitive>
    <noduplicates>0</noduplicates>
    <disableregex>0</disableregex>
    <fixedgapsize>1</fixedgapsize>
    <optionsaftertext>0</optionsaftertext>
    <!-- Gapfill release:1.96 version:2017111700 Moodle version:2017111300.06 release:3.4+ (Build: 20171208) -->
    <correctfeedback format="html">
      <text>Your answer is correct.</text>
    </correctfeedback>
    <partiallycorrectfeedback format="html">
      <text>Your answer is partially correct.</text>
    </partiallycorrectfeedback>
    <incorrectfeedback format="html">
      <text>Your answer is incorrect.</text>
    </incorrectfeedback>
  </question>

</quiz>