<?xml version="1.0" encoding="UTF-8"?>
<quiz>
<!-- question: 0  -->
  <question type="category">
    <category>
        <text>$course$/Examples</text>

    </category>
  </question>

<!-- question: 95  -->
  <question type="gapfill">
    <name>
      <text>Example1</text>
    </name>
    <questiontext format="html">
      <text><![CDATA[<p>例1：動詞をギャップにドラッグします。彼は[笑った]と[座った]<br></p>]]></text>
    </questiontext>
    <generalfeedback format="html">
      <text></text>
    </generalfeedback>
    <defaultgrade>2.0000000</defaultgrade>
    <penalty>0.3333333</penalty>
    <hidden>0</hidden>
    <answerdisplay>dragdrop</answerdisplay>
    <delimitchars>[]</delimitchars>
    <casesensitive>0</casesensitive>
    <noduplicates>0</noduplicates>
    <disableregex>0</disableregex>
    <fixedgapsize>0</fixedgapsize>
    <optionsaftertext>1</optionsaftertext>
    <answer fraction="100" format="moodle_auto_format">
      <text>笑った</text>
      <feedback format="moodle_auto_format">
        <text></text>
      </feedback>
    </answer>
    <answer fraction="100" format="moodle_auto_format">
      <text>座った</text>
      <feedback format="moodle_auto_format">
        <text></text>
      </feedback>
    </answer>
    <answer fraction="0" format="moodle_auto_format">
      <text>伸延器1：青、靴、小</text>
      <feedback format="moodle_auto_format">
        <text></text>
      </feedback>
    </answer>
    <delimitchars>[]</delimitchars>
    <answerdisplay>dragdrop</answerdisplay>
    <casesensitive>0</casesensitive>
    <noduplicates>0</noduplicates>
    <disableregex>0</disableregex>
    <fixedgapsize>0</fixedgapsize>
    <optionsaftertext>1</optionsaftertext>
    <!-- Gapfill release:1.96 version:2017111700 Moodle version:2017051502 release:3.3.2 (Build: 20170911) -->
    <correctfeedback format="html">
      <text>Your answer is correct.</text>
    </correctfeedback>
    <partiallycorrectfeedback format="html">
      <text>Your answer is partially correct.</text>
    </partiallycorrectfeedback>
    <incorrectfeedback format="html">
      <text>Your answer is incorrect.</text>
    </incorrectfeedback>
  </question>

<!-- question: 96  -->
  <question type="gapfill">
    <name>
      <text>example2</text>
    </name>
    <questiontext format="html">
      <text><![CDATA[<p>例2：ドロップダウンから動詞を選択します。彼は[笑った]と[座った]<br></p>]]></text>
    </questiontext>
    <generalfeedback format="html">
      <text></text>
    </generalfeedback>
    <defaultgrade>2.0000000</defaultgrade>
    <penalty>0.3333333</penalty>
    <hidden>0</hidden>
    <answerdisplay>dropdown</answerdisplay>
    <delimitchars>[]</delimitchars>
    <casesensitive>0</casesensitive>
    <noduplicates>0</noduplicates>
    <disableregex>0</disableregex>
    <fixedgapsize>0</fixedgapsize>
    <optionsaftertext>1</optionsaftertext>
    <answer fraction="100" format="moodle_auto_format">
      <text>笑った</text>
      <feedback format="moodle_auto_format">
        <text></text>
      </feedback>
    </answer>
    <answer fraction="100" format="moodle_auto_format">
      <text>座った</text>
      <feedback format="moodle_auto_format">
        <text></text>
      </feedback>
    </answer>
    <answer fraction="0" format="moodle_auto_format">
      <text>伸延器2：青、靴、小</text>
      <feedback format="moodle_auto_format">
        <text></text>
      </feedback>
    </answer>
    <delimitchars>[]</delimitchars>
    <answerdisplay>dropdown</answerdisplay>
    <casesensitive>0</casesensitive>
    <noduplicates>0</noduplicates>
    <disableregex>0</disableregex>
    <fixedgapsize>0</fixedgapsize>
    <optionsaftertext>1</optionsaftertext>
    <!-- Gapfill release:1.96 version:2017111700 Moodle version:2017051502 release:3.3.2 (Build: 20170911) -->
    <correctfeedback format="html">
      <text>Your answer is correct.</text>
    </correctfeedback>
    <partiallycorrectfeedback format="html">
      <text>Your answer is partially correct.</text>
    </partiallycorrectfeedback>
    <incorrectfeedback format="html">
      <text>Your answer is incorrect.</text>
    </incorrectfeedback>
  </question>

<!-- question: 97  -->
  <question type="gapfill">
    <name>
      <text>example3</text>
    </name>
    <questiontext format="html">
      <text><![CDATA[<p>例3：カンガルーはどこから来たのですか？ [オーストラリア]。次のギャップは猫または犬のいずれかを受け入れます[猫|犬]</p><p><br></p>]]></text>
    </questiontext>
    <generalfeedback format="html">
      <text></text>
    </generalfeedback>
    <defaultgrade>2.0000000</defaultgrade>
    <penalty>0.3333333</penalty>
    <hidden>0</hidden>
    <answerdisplay>gapfill</answerdisplay>
    <delimitchars>[]</delimitchars>
    <casesensitive>0</casesensitive>
    <noduplicates>0</noduplicates>
    <disableregex>0</disableregex>
    <fixedgapsize>1</fixedgapsize>
    <optionsaftertext>1</optionsaftertext>
    <answer fraction="100" format="moodle_auto_format">
      <text>オーストラリア</text>
      <feedback format="moodle_auto_format">
        <text></text>
      </feedback>
    </answer>
    <answer fraction="100" format="moodle_auto_format">
      <text>猫|犬</text>
      <feedback format="moodle_auto_format">
        <text></text>
      </feedback>
    </answer>
    <delimitchars>[]</delimitchars>
    <answerdisplay>gapfill</answerdisplay>
    <casesensitive>0</casesensitive>
    <noduplicates>0</noduplicates>
    <disableregex>0</disableregex>
    <fixedgapsize>1</fixedgapsize>
    <optionsaftertext>1</optionsaftertext>
    <!-- Gapfill release:1.96 version:2017111700 Moodle version:2017051502 release:3.3.2 (Build: 20170911) -->
    <correctfeedback format="html">
      <text>Your answer is correct.</text>
    </correctfeedback>
    <partiallycorrectfeedback format="html">
      <text>Your answer is partially correct.</text>
    </partiallycorrectfeedback>
    <incorrectfeedback format="html">
      <text>Your answer is incorrect.</text>
    </incorrectfeedback>
  </question>

</quiz>