<?xml version="1.0" encoding="UTF-8" ?>
<XMLDB PATH="mod/edwiserform/db" VERSION="2018102401" COMMENT="XMLDB file for Moodle mod/edwiserform"
    xmlns:xsi="http://www.w3.org/2001/XMLSchema-instance"
    xsi:noNamespaceSchemaLocation="../../../lib/xmldb/xmldb.xsd"
>
  <TABLES>
    <TABLE NAME="edwiserform" COMMENT="This table saves information about an instance of mod_edwiserform in a course.">
      <FIELDS>
        <FIELD NAME="id" TYPE="int" LENGTH="10" NOTNULL="true" SEQUENCE="true"/>
        <FIELD NAME="name" TYPE="char" LENGTH="255" NOTNULL="true" SEQUENCE="false" COMMENT="The name of the instance of the form."/>
        <FIELD NAME="course" TYPE="int" LENGTH="10" NOTNULL="true" DEFAULT="0" SEQUENCE="false"/>
        <FIELD NAME="intro" TYPE="text" NOTNULL="true" SEQUENCE="false" COMMENT="The description of the form to be shown. This field is used by feature MOD_INTRO."/>
        <FIELD NAME="introformat" TYPE="int" LENGTH="4" NOTNULL="true" DEFAULT="0" SEQUENCE="false" COMMENT="The format of the description field of the assignment. This field is used by feature MOD_INTRO."/>
        <FIELD NAME="form" TYPE="int" LENGTH="10" NOTNULL="true" DEFAULT="0" SEQUENCE="false"/>
      </FIELDS>
      <KEYS>
        <KEY NAME="primary" TYPE="primary" FIELDS="id" COMMENT="The unique id for this form instance."/>
      </KEYS>
    </TABLE>
  </TABLES>
</XMLDB>
