{"name":"User Based Grading","description":"","pathmatch":"\/blocks\/edwiser_grader\/grader.php?gdm=user%","enabled":"1","sortorder":"3","configdata":"{\"placement\":\"top\",\"orphan\":\"1\",\"backdrop\":\"1\",\"reflex\":\"1\",\"filtervalues\":{\"category\":[],\"course\":[\"0\"],\"courseformat\":[],\"role\":[],\"theme\":[\"remui\"]},\"majorupdatetime\":1560172346}","version":"2018120300","steps":[{"title":"Grading Types drop-down,","content":"Choose the grading style of your choice.","targettype":"0","targetvalue":"#edg-grading-method","sortorder":"0","configdata":"{}"},{"title":"Quiz Information Section","content":"This section explains all the quiz related information.","targettype":"0","targetvalue":".edg-quiz-details-section","sortorder":"1","configdata":"{}"},{"title":"Grading part","content":"Click here to grade this question.","targettype":"0","targetvalue":".edg-student-single-record:first","sortorder":"2","configdata":"{}"}]}