<?xml version="1.0" encoding="UTF-8" ?>
<XMLDB PATH="local/recyclebin/db" VERSION="20150826" COMMENT="XMLDB file for Moodle local/recyclebin"
    xmlns:xsi="http://www.w3.org/2001/XMLSchema-instance"
    xsi:noNamespaceSchemaLocation="../../../lib/xmldb/xmldb.xsd"
>
  <TABLES>
    <TABLE NAME="local_recyclebin_course" COMMENT="A list of recycled course modules">
      <FIELDS>
        <FIELD NAME="id" TYPE="int" LENGTH="10" NOTNULL="true" SEQUENCE="true"/>
        <FIELD NAME="course" TYPE="int" LENGTH="10" NOTNULL="true" SEQUENCE="false"/>
        <FIELD NAME="section" TYPE="int" LENGTH="10" NOTNULL="true" SEQUENCE="false"/>
        <FIELD NAME="module" TYPE="int" LENGTH="10" NOTNULL="true" SEQUENCE="false"/>
        <FIELD NAME="name" TYPE="char" LENGTH="255" NOTNULL="false" SEQUENCE="false"/>
        <FIELD NAME="deleted" TYPE="int" LENGTH="10" NOTNULL="true" DEFAULT="0" SEQUENCE="false"/>
      </FIELDS>
      <KEYS>
        <KEY NAME="primary" TYPE="primary" FIELDS="id"/>
      </KEYS>
      <INDEXES>
        <INDEX NAME="i_course" UNIQUE="false" FIELDS="course"/>
        <INDEX NAME="i_deleted" UNIQUE="false" FIELDS="deleted"/>
      </INDEXES>
    </TABLE>
    <TABLE NAME="local_recyclebin_category" COMMENT="A list of deleted courses we have stored up">
      <FIELDS>
        <FIELD NAME="id" TYPE="int" LENGTH="10" NOTNULL="true" SEQUENCE="true"/>
        <FIELD NAME="category" TYPE="int" LENGTH="11" NOTNULL="true" SEQUENCE="false"/>
        <FIELD NAME="shortname" TYPE="char" LENGTH="255" NOTNULL="true" SEQUENCE="false"/>
        <FIELD NAME="fullname" TYPE="char" LENGTH="254" NOTNULL="true" SEQUENCE="false"/>
        <FIELD NAME="deleted" TYPE="int" LENGTH="10" NOTNULL="true" SEQUENCE="false"/>
      </FIELDS>
      <KEYS>
        <KEY NAME="primary" TYPE="primary" FIELDS="id"/>
      </KEYS>
      <INDEXES>
        <INDEX NAME="i_category" UNIQUE="false" FIELDS="category"/>
      </INDEXES>
    </TABLE>
  </TABLES>
</XMLDB>