<?xml version="1.0" encoding="UTF-8" ?>
<XMLDB PATH="blocks/fn_mentor/db" VERSION="20170724" COMMENT="XMLDB file for Moodle blocks/fn_mentor"
    xmlns:xsi="http://www.w3.org/2001/XMLSchema-instance"
    xsi:noNamespaceSchemaLocation="../../../lib/xmldb/xmldb.xsd"
>
  <TABLES>
    <TABLE NAME="block_fn_mentor_notific" COMMENT="block_fn_mentor_notific table retrofitted from MySQL">
      <FIELDS>
        <FIELD NAME="id" TYPE="int" LENGTH="18" NOTNULL="true" SEQUENCE="true"/>
        <FIELD NAME="name" TYPE="char" LENGTH="255" NOTNULL="false" SEQUENCE="false"/>
        <FIELD NAME="category" TYPE="text" NOTNULL="false" SEQUENCE="false"/>
        <FIELD NAME="course" TYPE="text" NOTNULL="false" SEQUENCE="false"/>
        <FIELD NAME="user" TYPE="int" LENGTH="18" NOTNULL="false" SEQUENCE="false"/>
        <FIELD NAME="g1" TYPE="int" LENGTH="2" NOTNULL="false" SEQUENCE="false"/>
        <FIELD NAME="g2" TYPE="int" LENGTH="2" NOTNULL="false" SEQUENCE="false"/>
        <FIELD NAME="g3" TYPE="int" LENGTH="2" NOTNULL="false" SEQUENCE="false"/>
        <FIELD NAME="g3_value" TYPE="char" LENGTH="255" NOTNULL="false" SEQUENCE="false"/>
        <FIELD NAME="g4" TYPE="int" LENGTH="2" NOTNULL="false" SEQUENCE="false"/>
        <FIELD NAME="g4_value" TYPE="char" LENGTH="255" NOTNULL="false" SEQUENCE="false"/>
        <FIELD NAME="g5" TYPE="int" LENGTH="2" NOTNULL="false" SEQUENCE="false"/>
        <FIELD NAME="g5_value" TYPE="char" LENGTH="255" NOTNULL="false" SEQUENCE="false"/>
        <FIELD NAME="g6" TYPE="int" LENGTH="2" NOTNULL="false" SEQUENCE="false"/>
        <FIELD NAME="g6_value" TYPE="char" LENGTH="255" NOTNULL="false" SEQUENCE="false"/>
        <FIELD NAME="n1" TYPE="int" LENGTH="2" NOTNULL="false" SEQUENCE="false"/>
        <FIELD NAME="n1_value" TYPE="char" LENGTH="255" NOTNULL="false" SEQUENCE="false"/>
        <FIELD NAME="n2" TYPE="int" LENGTH="2" NOTNULL="false" SEQUENCE="false"/>
        <FIELD NAME="n2_value" TYPE="char" LENGTH="255" NOTNULL="false" SEQUENCE="false"/>
        <FIELD NAME="consecutive" TYPE="int" LENGTH="2" NOTNULL="false" SEQUENCE="false"/>
        <FIELD NAME="consecutive_value" TYPE="char" LENGTH="255" NOTNULL="false" SEQUENCE="false"/>
        <FIELD NAME="period" TYPE="char" LENGTH="255" NOTNULL="false" SEQUENCE="false"/>
        <FIELD NAME="mentoremail" TYPE="int" LENGTH="2" NOTNULL="false" SEQUENCE="false"/>
        <FIELD NAME="mentorsms" TYPE="int" LENGTH="2" NOTNULL="false" SEQUENCE="false"/>
        <FIELD NAME="studentemail" TYPE="int" LENGTH="2" NOTNULL="false" SEQUENCE="false"/>
        <FIELD NAME="studentsms" TYPE="int" LENGTH="2" NOTNULL="false" SEQUENCE="false"/>
        <FIELD NAME="teacheremail" TYPE="int" LENGTH="2" NOTNULL="false" SEQUENCE="false"/>
        <FIELD NAME="teachersms" TYPE="int" LENGTH="2" NOTNULL="false" SEQUENCE="false"/>
        <FIELD NAME="appended_message" TYPE="text" NOTNULL="false" SEQUENCE="false"/>
        <FIELD NAME="timecreated" TYPE="int" LENGTH="18" NOTNULL="false" SEQUENCE="false"/>
        <FIELD NAME="timemodified" TYPE="int" LENGTH="18" NOTNULL="false" SEQUENCE="false"/>
        <FIELD NAME="crontime" TYPE="text" NOTNULL="false" SEQUENCE="false"/>
        <FIELD NAME="studentmsgenabled" TYPE="int" LENGTH="4" NOTNULL="false" DEFAULT="0" SEQUENCE="false"/>
        <FIELD NAME="mentormsgenabled" TYPE="int" LENGTH="4" NOTNULL="false" DEFAULT="0" SEQUENCE="false"/>
        <FIELD NAME="teachermsgenabled" TYPE="int" LENGTH="4" NOTNULL="false" DEFAULT="0" SEQUENCE="false"/>
        <FIELD NAME="studentappendedmsg" TYPE="text" NOTNULL="false" SEQUENCE="false"/>
        <FIELD NAME="mentorappendedmsg" TYPE="text" NOTNULL="false" SEQUENCE="false"/>
        <FIELD NAME="teacherappendedmsg" TYPE="text" NOTNULL="false" SEQUENCE="false"/>
        <FIELD NAME="studentgreeting" TYPE="char" LENGTH="20" NOTNULL="false" SEQUENCE="false"/>
        <FIELD NAME="mentorgreeting" TYPE="char" LENGTH="20" NOTNULL="false" SEQUENCE="false"/>
        <FIELD NAME="teachergreeting" TYPE="char" LENGTH="20" NOTNULL="false" SEQUENCE="false"/>
        <FIELD NAME="messagecontent" TYPE="int" LENGTH="11" NOTNULL="true" DEFAULT="0" SEQUENCE="false"/>
      </FIELDS>
      <KEYS>
        <KEY NAME="id" TYPE="primary" FIELDS="id"/>
      </KEYS>
    </TABLE>
    <TABLE NAME="block_fn_mentor_notific_msg" COMMENT="block_fn_mentor_notific_msg table retrofitted from MySQL">
      <FIELDS>
        <FIELD NAME="id" TYPE="int" LENGTH="18" NOTNULL="true" SEQUENCE="true"/>
        <FIELD NAME="notificationid" TYPE="int" LENGTH="18" NOTNULL="false" SEQUENCE="false"/>
        <FIELD NAME="type" TYPE="char" LENGTH="255" NOTNULL="false" SEQUENCE="false"/>
        <FIELD NAME="receiverid" TYPE="int" LENGTH="18" NOTNULL="false" SEQUENCE="false"/>
        <FIELD NAME="userid" TYPE="int" LENGTH="18" NOTNULL="false" SEQUENCE="false"/>
        <FIELD NAME="courseid" TYPE="int" LENGTH="18" NOTNULL="false" SEQUENCE="false"/>
        <FIELD NAME="message" TYPE="text" NOTNULL="false" SEQUENCE="false"/>
        <FIELD NAME="securitykey" TYPE="char" LENGTH="255" NOTNULL="false" SEQUENCE="false"/>
        <FIELD NAME="timecreated" TYPE="int" LENGTH="18" NOTNULL="false" SEQUENCE="false"/>
        <FIELD NAME="sent" TYPE="int" LENGTH="2" NOTNULL="false" DEFAULT="1" SEQUENCE="false"/>
      </FIELDS>
      <KEYS>
        <KEY NAME="id" TYPE="primary" FIELDS="id"/>
      </KEYS>
      <INDEXES>
        <INDEX NAME="mdl_blocfnmentnotimsg_not_ix" UNIQUE="false" FIELDS="notificationid"/>
      </INDEXES>
    </TABLE>
    <TABLE NAME="block_fn_mentor_report_data" COMMENT="block_fn_mentor_report_data table retrofitted from MySQL">
      <FIELDS>
        <FIELD NAME="id" TYPE="int" LENGTH="18" NOTNULL="true" SEQUENCE="true"/>
        <FIELD NAME="userid" TYPE="int" LENGTH="18" NOTNULL="true" SEQUENCE="false"/>
        <FIELD NAME="courseid" TYPE="int" LENGTH="18" NOTNULL="true" SEQUENCE="false"/>
        <FIELD NAME="groups" TYPE="text" NOTNULL="false" SEQUENCE="false"/>
        <FIELD NAME="mentors" TYPE="text" NOTNULL="false" SEQUENCE="false"/>
        <FIELD NAME="courses" TYPE="text" NOTNULL="false" SEQUENCE="false"/>
        <FIELD NAME="completionrate" TYPE="number" LENGTH="10" NOTNULL="true" DEFAULT="0.00" SEQUENCE="false" DECIMALS="2"/>
        <FIELD NAME="passinggrade" TYPE="number" LENGTH="10" NOTNULL="false" DEFAULT="0.00" SEQUENCE="false" DECIMALS="2"/>
        <FIELD NAME="timemodified" TYPE="int" LENGTH="18" NOTNULL="true" DEFAULT="0" SEQUENCE="false"/>
        <FIELD NAME="deleted" TYPE="int" LENGTH="2" NOTNULL="false" DEFAULT="0" SEQUENCE="false"/>
      </FIELDS>
      <KEYS>
        <KEY NAME="id" TYPE="primary" FIELDS="id"/>
        <KEY NAME="useco_uix" TYPE="unique" FIELDS="userid, courseid"/>
      </KEYS>
      <INDEXES>
        <INDEX NAME="repodata_use_ix" UNIQUE="false" FIELDS="userid"/>
        <INDEX NAME="repodata_cou_ix" UNIQUE="false" FIELDS="courseid"/>
      </INDEXES>
    </TABLE>
    <TABLE NAME="block_fn_mentor_report_pvt" COMMENT="block_fn_mentor_report_pvt table retrofitted from MySQL">
      <FIELDS>
        <FIELD NAME="id" TYPE="int" LENGTH="18" NOTNULL="true" SEQUENCE="true"/>
        <FIELD NAME="userid" TYPE="int" LENGTH="18" NOTNULL="true" SEQUENCE="false"/>
        <FIELD NAME="mentors" TYPE="text" NOTNULL="false" SEQUENCE="false"/>
        <FIELD NAME="groups" TYPE="text" NOTNULL="false" SEQUENCE="false"/>
      </FIELDS>
      <KEYS>
        <KEY NAME="ix_user" TYPE="unique" FIELDS="userid"/>
        <KEY NAME="id" TYPE="primary" FIELDS="id"/>
      </KEYS>
    </TABLE>
    <TABLE NAME="block_fn_mentor_notific_list" COMMENT="block_fn_mentor_notific_list table retrofitted from MySQL">
      <FIELDS>
        <FIELD NAME="id" TYPE="int" LENGTH="18" NOTNULL="true" SEQUENCE="true"/>
        <FIELD NAME="notificationid" TYPE="int" LENGTH="18" NOTNULL="false" SEQUENCE="false"/>
        <FIELD NAME="type" TYPE="char" LENGTH="255" NOTNULL="false" SEQUENCE="false"/>
        <FIELD NAME="receiverid" TYPE="int" LENGTH="18" NOTNULL="false" SEQUENCE="false"/>
        <FIELD NAME="userid" TYPE="int" LENGTH="18" NOTNULL="false" SEQUENCE="false"/>
        <FIELD NAME="courseid" TYPE="int" LENGTH="18" NOTNULL="false" SEQUENCE="false"/>
        <FIELD NAME="message" TYPE="text" NOTNULL="false" SEQUENCE="false"/>
        <FIELD NAME="securitykey" TYPE="char" LENGTH="255" NOTNULL="false" SEQUENCE="false"/>
        <FIELD NAME="timecreated" TYPE="int" LENGTH="18" NOTNULL="false" SEQUENCE="false"/>
        <FIELD NAME="sent" TYPE="int" LENGTH="2" NOTNULL="false" DEFAULT="1" SEQUENCE="false"/>
      </FIELDS>
      <KEYS>
        <KEY NAME="id" TYPE="primary" FIELDS="id"/>
      </KEYS>
      <INDEXES>
        <INDEX NAME="mdl_blocfnmentnotimsg_not_ix" UNIQUE="false" FIELDS="notificationid"/>
      </INDEXES>
    </TABLE>
    <TABLE NAME="block_fn_mentor_group" COMMENT="block_fn_mentor_group table retrofitted from MySQL">
      <FIELDS>
        <FIELD NAME="id" TYPE="int" LENGTH="18" NOTNULL="true" SEQUENCE="true"/>
        <FIELD NAME="name" TYPE="char" LENGTH="254" NOTNULL="false" DEFAULT="" SEQUENCE="false"/>
        <FIELD NAME="idnumber" TYPE="char" LENGTH="100" NOTNULL="false" SEQUENCE="false"/>
        <FIELD NAME="timecreated" TYPE="int" LENGTH="18" NOTNULL="false" DEFAULT="0" SEQUENCE="false"/>
        <FIELD NAME="timemodified" TYPE="int" LENGTH="18" NOTNULL="false" DEFAULT="0" SEQUENCE="false"/>
      </FIELDS>
      <KEYS>
        <KEY NAME="id" TYPE="primary" FIELDS="id"/>
      </KEYS>
    </TABLE>
    <TABLE NAME="block_fn_mentor_group_mem" COMMENT="block_fn_mentor_group_mem table retrofitted from MySQL">
      <FIELDS>
        <FIELD NAME="id" TYPE="int" LENGTH="18" NOTNULL="true" SEQUENCE="true"/>
        <FIELD NAME="groupid" TYPE="int" LENGTH="18" NOTNULL="true" DEFAULT="0" SEQUENCE="false"/>
        <FIELD NAME="userid" TYPE="int" LENGTH="18" NOTNULL="true" DEFAULT="0" SEQUENCE="false"/>
        <FIELD NAME="role" TYPE="char" LENGTH="10" NOTNULL="false" SEQUENCE="false"/>
        <FIELD NAME="teamleader" TYPE="int" LENGTH="1" NOTNULL="true" DEFAULT="0" SEQUENCE="false"/>
        <FIELD NAME="timeadded" TYPE="int" LENGTH="18" NOTNULL="true" DEFAULT="0" SEQUENCE="false"/>
      </FIELDS>
      <KEYS>
        <KEY NAME="mdl_cohomemb_cohuse_uix" TYPE="unique" FIELDS="groupid, userid"/>
        <KEY NAME="id" TYPE="primary" FIELDS="id"/>
      </KEYS>
      <INDEXES>
        <INDEX NAME="mdl_cohomemb_coh_ix" UNIQUE="false" FIELDS="groupid"/>
        <INDEX NAME="mdl_cohomemb_use_ix" UNIQUE="false" FIELDS="userid"/>
      </INDEXES>
    </TABLE>
  </TABLES>
</XMLDB>