<?xml version="1.0" encoding="UTF-8" ?>
<XMLDB PATH="blocks/formal_langs/db" VERSION="20120402" COMMENT="XMLDB file for Formal languages block"
    xmlns:xsi="http://www.w3.org/2001/XMLSchema-instance"
    xsi:noNamespaceSchemaLocation="../../../../lib/xmldb/xmldb.xsd"
>
  <TABLES>
    <TABLE NAME="block_formal_langs" COMMENT="An language descriptions" NEXT="block_formal_langs_node_dscr">
        <FIELDS>
            <FIELD NAME="id" TYPE="int" LENGTH="10" NOTNULL="true" SEQUENCE="true" NEXT="uiname"/>
            <FIELD NAME="uiname" TYPE="text" NOTNULL="true" SEQUENCE="false" COMMENT="UI name for language" PREVIOUS="id" NEXT="description" />
            <FIELD NAME="description" TYPE="text" NOTNULL="true" SEQUENCE="false" COMMENT="Description of language" PREVIOUS="uiname" NEXT="name" />
            <FIELD NAME="name" TYPE="text" NOTNULL="false" SEQUENCE="false" COMMENT="Name for predefined language" PREVIOUS="description" NEXT="scanrules" />
            <FIELD NAME="scanrules" TYPE="text" NOTNULL="false" SEQUENCE="false" COMMENT="Scan rules for user-defined language" PREVIOUS="name" NEXT="parserules" />
            <FIELD NAME="parserules" TYPE="text" NOTNULL="false" SEQUENCE="false" COMMENT="Parse rules for user-defined language" PREVIOUS="scanrules" NEXT="version" />
            <FIELD NAME="version" TYPE="text" NOTNULL="true" SEQUENCE="false" COMMENT="Version of language" PREVIOUS="parserules" NEXT="visible" />
            <FIELD NAME="visible" TYPE="int" LENGTH="4" NOTNULL="true" SEQUENCE="false" PREVIOUS="version" NEXT="lexemname" />
            <FIELD NAME="lexemname" TYPE="text"  SEQUENCE="false" COMMENT="A name for lexeme in language" PREVIOUS="visible" NEXT="author" />
            <FIELD NAME="author" TYPE="int" LENGTH="10" NOTNULL="true" SEQUENCE="false" DEFAULT="0" PREVIOUS="lexemname"/>
        </FIELDS>
        <KEYS>
            <KEY NAME="primary" TYPE="primary" FIELDS="id" />
        </KEYS>
    </TABLE>
      <TABLE NAME="block_formal_langs_node_dscr" COMMENT="An information about symbols, that emerge from lexical and syntax analysis" PREVIOUS="block_formal_langs" NEXT="block_formal_langs_perms">
          <FIELDS>
              <FIELD NAME="id" TYPE="int" LENGTH="10" NOTNULL="true" SEQUENCE="true" NEXT="tablename"/>
              <FIELD NAME="tablename" TYPE="text" NOTNULL="true" SEQUENCE="false" COMMENT="Name of source table" PREVIOUS="id" NEXT="tableid" />
              <FIELD NAME="tableid" TYPE="int" LENGTH="10" NOTNULL="true" DEFAULT="0" SEQUENCE="false" COMMENT="Id of entry in table" PREVIOUS="tablename" NEXT="number"/>
              <FIELD NAME="number" TYPE="int" LENGTH="10" NOTNULL="true" DEFAULT="0" SEQUENCE="false" COMMENT="A unique description" PREVIOUS="tableid" NEXT="description"/>
              <FIELD NAME="description" TYPE="text" NOTNULL="true" SEQUENCE="false" COMMENT="Semantic name of lexeme" PREVIOUS="number"/>
          </FIELDS>
          <KEYS>
              <KEY NAME="primary" TYPE="primary" FIELDS="id" />
          </KEYS>
      </TABLE>
      <TABLE NAME="block_formal_langs_perms" COMMENT="A permissions for courses and categories to see languages in list" PREVIOUS="block_formal_langs_node_dscr"  NEXT="block_formal_langs_word_frms">
          <FIELDS>
              <FIELD NAME="id" TYPE="int" LENGTH="10" NOTNULL="true" SEQUENCE="true" NEXT="languageid"/>
              <FIELD NAME="languageid" TYPE="int" LENGTH="10" NOTNULL="true" SEQUENCE="false" NEXT="contextid" PREVIOUS="id"/>
              <FIELD NAME="contextid" TYPE="int" LENGTH="10" NOTNULL="true" SEQUENCE="false" PREVIOUS="languageid" NEXT="visible"/>
              <FIELD NAME="visible" TYPE="int" LENGTH="1" NOTNULL="true" SEQUENCE="false" PREVIOUS="contextid"/>
          </FIELDS>
          <KEYS>
              <KEY NAME="primary" TYPE="primary" FIELDS="id" />
          </KEYS>
      </TABLE>
      <TABLE NAME="block_formal_langs_word_frms" COMMENT="A word forms for producing descriptions" PREVIOUS="block_formal_langs_perms" NEXT="block_formal_langs_dsc_parts">
          <FIELDS>
              <FIELD NAME="id" TYPE="int" LENGTH="10" NOTNULL="true" SEQUENCE="true" NEXT="language"/>
              <FIELD NAME="language" TYPE="text" NOTNULL="true" SEQUENCE="false" COMMENT="Natural language, which form belongs to" PREVIOUS="id"  NEXT="formname" />
              <FIELD NAME="formname"  TYPE="text" NOTNULL="true" SEQUENCE="false" COMMENT="Name of word form" PREVIOUS="language" NEXT="originalform"/>
              <FIELD NAME="originalform"  TYPE="text" NOTNULL="true" SEQUENCE="false" COMMENT="Original form for word" PREVIOUS="formname" NEXT="form"/>
              <FIELD NAME="form"  TYPE="text" NOTNULL="true" SEQUENCE="false" COMMENT="Resulting applied form for word" PREVIOUS="originalform" />
          </FIELDS>
          <KEYS>
              <KEY NAME="primary" TYPE="primary" FIELDS="id" />
          </KEYS>
      </TABLE>
      <TABLE NAME="block_formal_langs_dsc_parts" COMMENT="An information about autogenerated parts of symbols, that emerge from lexical and syntax analysis" PREVIOUS="block_formal_langs_word_frms">
          <FIELDS>
              <FIELD NAME="id" TYPE="int" LENGTH="10" NOTNULL="true" SEQUENCE="true" NEXT="tablename"/>
              <FIELD NAME="tablename" TYPE="text" NOTNULL="true" SEQUENCE="false" COMMENT="Name of source table" PREVIOUS="id" NEXT="tableid" />
              <FIELD NAME="tableid" TYPE="int" LENGTH="10" NOTNULL="true" DEFAULT="0" SEQUENCE="false" COMMENT="Id of entry in table" PREVIOUS="tablename" NEXT="number"/>
              <FIELD NAME="number" TYPE="int" LENGTH="10" NOTNULL="true" DEFAULT="0" SEQUENCE="false" COMMENT="A unique description" PREVIOUS="tableid" NEXT="position"/>
              <FIELD NAME="position" TYPE="int" LENGTH="10" NOTNULL="true" DEFAULT="0" SEQUENCE="false" COMMENT="A unique description" PREVIOUS="number" NEXT="description"/>
              <FIELD NAME="description" TYPE="text" NOTNULL="true" SEQUENCE="false" COMMENT="Semantic name of lexeme" PREVIOUS="number"/>
          </FIELDS>
          <KEYS>
              <KEY NAME="primary" TYPE="primary" FIELDS="id" />
          </KEYS>
      </TABLE>
  </TABLES>
</XMLDB>